Video,velocidad media,mean_intensidad,N,dispersion,max_vel,max_int,min_vel,min_int,var_int,var_vel,mean_fwhm,var_fwhm,V_feat_i_1,V_feat_i_2,V_feat_v_1,V_feat_v_2,V_feat_fwhm_1,V_feat_fwhm_2,loss,recorrido,Clasificaci√≥n
/content/drive/MyDrive/Proyecto Bocosur/Datos Entrenamiento/Bolidos/Station_2_2020-08-11-05-10-26.avi,31.040904156973767,1531.111111111111,9,2.5031484498523455,50.31093870957168,2828.0,10.339778798172583,482.0,471938.5432098766,166.193675308212,2.4438783751159483,0.1566448474027205,135.41913775578152,5.045093096102896,6306.303160713415,81.34128485878148,3.6832257979706826,0.0014213516799564336,2.7840491485056735,7.445855350358584,1
/content/drive/MyDrive/Proyecto Bocosur/Datos Entrenamiento/Bolidos/Station_1_2020-10-27-20-53-20.avi,24.282114126385654,1081.3859756097563,82,14.36551930408726,48.55962321758442,1835.5,1.2115195529650098,774.8500000000003,86666.60233380421,138.8554188507237,2.1913578620470955,0.07174065369895867,119.55234319904396,3.8498762797426562,2638.717985088749,41.211608153069406,3.733872104403837,0.053812053650131135,29.116828311672574,56.590510309608405,1
/content/drive/MyDrive/Proyecto Bocosur/Datos Entrenamiento/Bolidos/Station_2_2020-10-30-20-42-45.avi,21.427534238317747,960.64,55,8.571746515130187,47.58299635986725,1711.3999999999994,2.7971144179257648,435.1999999999999,66275.65440000001,87.43525486244381,2.096566675206037,0.04816642492211904,123.42744543253212,5.123210815953655,3802.264359318745,209.3521086428648,3.68537679156788,0.026423478788014442,12.305141206271346,33.81740101397119,1
/content/drive/MyDrive/Proyecto Bocosur/Datos Entrenamiento/Bolidos/Station_2_2020-10-30-23-51-42.avi,25.405031262825016,3227.3487194658874,92,19.869546405133484,58.47176148615378,7908.0,4.811513917103568,424.4999999999996,3955741.2131907367,112.7076670171897,2.8127506758403418,0.3655281539519803,80.29562647410647,0.3218244703511309,13390.450546512311,217.17610662975702,5.728077436272536,0.12510282122727312,22.504155727042647,72.3406549236827,1
/content/drive/MyDrive/Proyecto Bocosur/Datos Entrenamiento/Bolidos/Station_2_2020-11-01-01-49-10.avi,18.59869691903842,5104.0652132451005,85,11.47174426686238,59.935390073438064,31813.0,0.0,490.0,20224954.158864066,92.96442936427248,2.860918360407408,0.3662907981526627,129.44113387278094,4.5030465478513095,56341.03589497134,1619.288414710592,6.596856730831722,0.16399032113144893,15.414292712723608,43.93322055267984,1
/content/drive/MyDrive/Proyecto Bocosur/Datos Entrenamiento/Bolidos/Station_2_2020-11-03-03-35-47.avi,58.79730619110732,994.7861111111115,18,8.733252327708126,90.41397750519691,1933.3,35.625470504067756,441.75,156675.77633487654,155.93964367817352,2.06209391769248,0.027179313684940132,340.15676136807764,25.054710783619512,4015.3636139576124,316.33853667769404,3.362159283614336,0.3479890863718356,3.7902081542499673,32.901766596505226,1
/content/drive/MyDrive/Proyecto Bocosur/Datos Entrenamiento/Bolidos/Station_2_2020-11-08-20-50-58.avi,29.49347427822848,726.3644444444444,45,9.712365856847542,55.90841535341951,1139.7999999999995,4.330647296002884,395.40000000000015,26247.72673580245,140.1733400355056,2.177134174417405,0.04533191890714112,170.25718361834444,6.544030949174203,2672.4269043054987,82.74723856321502,6.244599941319795,0.3319233758028056,8.399648452971151,40.88763567399243,1
/content/drive/MyDrive/Proyecto Bocosur/Datos Entrenamiento/Bolidos/Station_2_2020-11-16-03-38-23.avi,75.75264554147806,1003.6775,20,12.625217097754344,92.54823987309562,1975.5,53.773676760478715,430.6999999999999,247123.85761874996,113.85463578111694,2.13297587024214,0.07451258439924721,277.18581077768823,7.0621091526946405,3246.476083912977,54.55721065878045,4.654671174846998,0.03237593301108418,3.825965513287201,47.52342431558752,1
/content/drive/MyDrive/Proyecto Bocosur/Datos Entrenamiento/Bolidos/Station_2_2020-11-16-23-59-06.avi,18.244942920978502,1660.317741935484,62,8.583154268461008,33.51757024747761,2537.0999999999995,5.821203573701864,630.0,297401.99629812693,36.45316300693073,2.289322589068962,0.09068596623490448,55.376432960986435,1.8165825217475944,4209.878706206579,169.98511045263598,4.998781715560753,0.3761759060545825,13.45881749822243,33.30955129700086,1
/content/drive/MyDrive/Proyecto Bocosur/Datos Entrenamiento/Bolidos/Station_2_2020-11-18-03-36-58.avi,50.03826534926773,2948.8192603634807,24,10.430865093151981,61.062119565803,12208.762248723542,3.2516008241274577,597.3999999999999,6188102.337036752,161.3120525285509,2.582612567396112,0.25246793966541764,170.67509842722117,19.36515674103289,24474.083179465302,431.8471498871994,8.953381524796402,0.059358101881362264,3.79282431538644,36.16049474828515,1
/content/drive/MyDrive/Proyecto Bocosur/Datos Entrenamiento/Bolidos/Station_2_2020-11-20-22-38-21.avi,64.56677355160068,562.1076923076923,13,6.9489139361643115,118.96293170423695,639.3,18.930006747780293,435.8,4505.328786982247,567.67169082539,2.06456214596582,0.02726159374087312,469.2719765530168,2.3532166797713305,749.8835285780953,10.399107228119123,3.376804310141083,0.3106209417823713,3.079366679552692,25.483170453131102,1
/content/drive/MyDrive/Proyecto Bocosur/Datos Entrenamiento/Bolidos/Station_2_2020-11-21-04-22-08.avi,51.563332124286994,1340.485,10,4.525130713673692,77.17252699695943,2986.4000000000005,32.35862778889205,594.1999999999998,421524.1800250002,271.31537667674485,2.1136937440263317,0.05293745918323264,220.41728999870548,12.985887489140596,6239.577148702826,947.0265516414598,2.1879762944668064,0.2853274393457953,1.4432417955217716,15.927938451056091,1
/content/drive/MyDrive/Proyecto Bocosur/Datos Entrenamiento/Bolidos/Station_2_2020-11-23-02-27-04.avi,28.513545296572012,18185.160886194506,40,2.730072246450049,136.3883536062361,87188.0,2.3533930245431574,605.5,582695455.3529664,1447.7305828886965,4.02302559209914,3.7276246953748102,637.8759795473495,1.3191984269504509,170201.80309987365,52.24268411817606,16.41309041932307,0.01885288030615571,15.837275610798905,6.194809807519508,1
/content/drive/MyDrive/Proyecto Bocosur/Datos Entrenamiento/Bolidos/Station_2_2020-12-04-22-33-37.avi,25.098312513254463,740.2785714285714,28,5.309945658520007,47.94959701279336,2707.65,2.416745975697509,450.0,177578.71614795912,150.35044130511642,2.13391492403742,0.0394586930496806,327.43423624929335,13.538313899784054,5545.997470403356,51.918559417407764,5.173616423792128,0.15417884882397534,5.394881014555807,20.437279741125394,1
/content/drive/MyDrive/Proyecto Bocosur/Datos Entrenamiento/Bolidos/Station_2_2020-12-05-01-45-31.avi,94.65291215765707,585.6999999999998,8,6.091275809091817,110.17380609047852,774.5999999999998,63.152380618380356,435.8000000000001,13584.519999999982,247.47252805826352,2.0953459908711016,0.02469874876097596,209.79099239081413,2.2036225783679484,721.2861839281276,69.33717615671243,1.649990316728419,0.01676692004083724,1.6584722436811887,21.466506433853432,1
/content/drive/MyDrive/Proyecto Bocosur/Datos Entrenamiento/Bolidos/Station_2_2020-12-05-01-56-27.avi,36.467338984389976,829.8333333333333,9,2.70828275744965,45.49381450113746,1817.5,31.369326411804966,378.8999999999999,264258.9561111111,23.48881565288632,2.171581026391719,0.04194284149579007,72.62420148000794,1.5884308989182487,3380.268893418892,45.895364431692144,1.9698237450808087,0.016490891077590004,2.01389796457346,9.222831989031027,1
/content/drive/MyDrive/Proyecto Bocosur/Datos Entrenamiento/Bolidos/Station_2_2020-12-06-03-24-42.avi,36.152677003950636,1908.0774038461536,16,4.845789530000522,57.32810787134674,3321.2,17.29486711041805,498.59999999999985,783982.8922741768,67.85407984237334,2.3503217215367607,0.04924635792017727,157.4055741457299,12.651621165030464,7072.573628331793,74.66746916649853,3.4308082385879946,0.20106561520038255,2.8849998403803525,17.627475760201328,1
/content/drive/MyDrive/Proyecto Bocosur/Datos Entrenamiento/Bolidos/Station_2_2020-12-07-02-44-22.avi,63.84435342434515,734.7218750000003,16,8.438173332082922,78.43958218841178,1064.2000000000003,46.37401855213081,408.3000000000001,33630.68592773438,49.78902071354857,2.17977779942899,0.05219981387890674,147.191146626217,7.637278243264888,2125.693333643486,177.39535726415522,3.5708812323333703,0.2673932440489561,3.4155397567839145,31.57597213709464,1
/content/drive/MyDrive/Proyecto Bocosur/Datos Entrenamiento/Bolidos/Station_2_2020-12-08-01-49-54.avi,61.629440997405574,949.3333333333335,18,9.422250966465523,120.10269931613851,1536.5,18.708047570051324,434.0,98332.36111111114,499.74849151018,2.0994711960929817,0.038072661048815536,515.6080249699006,6.676610803458472,2578.8694522793235,239.24126354668758,5.569658922378252,0.362698846457352,2.8989242484323654,34.97239953081333,1
/content/drive/MyDrive/Proyecto Bocosur/Datos Entrenamiento/Bolidos/Station_2_2020-12-08-21-57-47.avi,47.142703333036096,605.4181818181818,22,9.04297825368462,76.05597424825702,778.1999999999997,21.866263321730102,393.0,13052.908760330576,141.9226574610511,2.056357247739554,0.025497457152142963,325.6065989799428,2.674576968941868,1111.3614746745582,7.960135844473637,3.9682371117699216,0.003826037620163536,5.4629871162804315,36.607140080117844,1
/content/drive/MyDrive/Proyecto Bocosur/Datos Entrenamiento/Bolidos/Station_2_2020-12-09-01-42-27.avi,29.92607643984313,569.9285714285714,7,1.4301099516295708,42.023568807303455,654.5,8.610562032949048,483.0,3037.173469387755,113.37586686243068,2.112671309046604,0.035487308338341066,114.78002028823629,3.736432054838847,570.2121471632407,26.300468441421213,2.1862928209831787,0.13420594077675688,1.3688880909109642,5.029980428599343,1
/content/drive/MyDrive/Proyecto Bocosur/Datos Entrenamiento/Bolidos/Station_2_2020-12-09-02-29-45.avi,6.594777044764049,1702.8636363636367,22,0.4224704764511656,15.632034970294841,2809.3,1.0197116459685207,449.75,612329.169586777,16.860441206805028,2.4515880340115483,0.09681952734317133,89.40958031611935,1.7759634805234457,5721.303819107155,451.2664424041028,6.025494324208307,0.7966280583836084,2.840599638582177,1.092294066564831,1
/content/drive/MyDrive/Proyecto Bocosur/Datos Entrenamiento/Bolidos/Station_2_2020-12-10-22-47-49.avi,80.13653843973701,796.6999999999997,12,8.366935581736707,97.84152117118572,1118.1999999999996,60.24702128573426,470.79999999999967,49921.61000000001,158.8219048641466,2.1906001071305554,0.0506703227961623,206.3089548201805,5.33026983139921,1642.6498193826574,32.792705674478576,3.741883175397545,0.12456125084852415,2.9998443903720897,29.83457391280748,1
/content/drive/MyDrive/Proyecto Bocosur/Datos Entrenamiento/Bolidos/Station_2_2020-12-11-01-10-58.avi,29.730352398435784,965.6833333333329,3,2.3730910241750305,31.3625505298995,1276.3999999999996,28.914253332703915,429.4499999999999,144982.93388888886,1.3320353701768404,2.2159849052330243,0.06537353526723258,6.137311761538122,0.2698321667465701,2144.1933174844194,25.34484049439341,1.350932434235113,0.05731504665526632,0.117758129986953,5.857117702799123,1
/content/drive/MyDrive/Proyecto Bocosur/Datos Entrenamiento/Bolidos/Station_2_2020-12-11-01-52-14.avi,68.69107782404463,702.7999999999997,15,8.879413288850749,93.67674108072045,1048.1999999999996,39.54213102981319,336.79999999999967,30227.28000000001,247.727081341849,2.0802131944440405,0.039446019955555384,337.1665527488825,12.303896049793902,2524.426920407599,72.088420431064,3.5927159501682224,0.21872223973760185,3.7242913718464483,32.29555296957183,1
/content/drive/MyDrive/Proyecto Bocosur/Datos Entrenamiento/Bolidos/Station_2_2020-12-11-03-16-58.avi,19.194517183760517,810.0388888888889,27,3.356223998561022,44.269316185003525,2021.7,3.360847598448072,447.4499999999999,112489.23765432098,104.44935807598794,2.237846790886258,0.10372143241248122,204.62739847128756,17.45024896504646,6742.416932476433,269.5247944711458,8.367812658438622,0.4591897520203007,6.599464588178818,13.009021415309403,1
/content/drive/MyDrive/Proyecto Bocosur/Datos Entrenamiento/Bolidos/Station_2_2020-12-12-00-07-39.avi,43.09166117621607,626.75,12,4.341409428504024,55.616114613541534,1156.0,25.612974050670967,379.0,51070.6875,71.995735603972,2.1077024348074915,0.028281858448367836,168.10740895341,0.21104461452258566,1972.5827427127488,45.51652126794556,3.4195097608053358,0.0945664301359466,2.6369250646446005,16.878297276630693,1
/content/drive/MyDrive/Proyecto Bocosur/Datos Entrenamiento/Bolidos/Station_2_2020-12-12-03-58-08.avi,52.088088970804186,498.28333333333353,6,2.7864336321204703,73.71742224964711,557.0500000000002,8.98197180975199,431.5,1798.4897222222244,416.30449257279366,2.0011908039155437,0.004277310414817924,161.29568011787438,13.8980768962545,453.96228186478,7.238562112590142,0.51865256131331,0.048907172824966816,1.0079046649780177,8.229586586088724,1
/content/drive/MyDrive/Proyecto Bocosur/Datos Entrenamiento/Bolidos/Station_2_2020-12-13-22-58-03.avi,60.6445676158954,692.2421052631578,38,18.79306919801289,88.79867540319331,1212.1999999999996,37.688302576995135,402.0,27237.64243767313,173.47603405159214,2.1088536267742564,0.03942953299658478,265.1768461217655,4.2052391551752715,2119.7400501097964,27.053273944094553,3.7120364960882535,0.21328009822467356,9.336932549455923,72.96091220659194,1
/content/drive/MyDrive/Proyecto Bocosur/Datos Entrenamiento/Bolidos/Station_2_2020-12-14-00-32-52.avi,34.776752141954354,554.3433333333331,30,8.287595995708553,60.853758104480654,722.3999999999997,16.50940495816749,401.5,9015.096455555551,118.603028527465,2.1119646562571543,0.029498856360361907,190.36072975032752,1.1372956767592677,1083.06116796056,237.08401103289745,3.2315807295550067,0.4421598480010751,27.444224640614237,31.63813702227336,1
/content/drive/MyDrive/Proyecto Bocosur/Datos Entrenamiento/Bolidos/Station_2_2020-12-14-00-48-34.avi,30.16883938366477,614.4477272727273,22,5.400758093816866,43.43893969223426,1089.65,7.362262314625725,422.8000000000001,29775.045335743813,89.0782483237236,2.1519967737125225,0.03233960666354028,221.82040278043885,9.670574722793416,2184.031283509188,180.30486718536972,3.557761897764504,0.14781419577544552,4.199323964833127,20.011981324967167,1
/content/drive/MyDrive/Proyecto Bocosur/Datos Entrenamiento/Bolidos/Station_2_2020-12-14-01-25-12.avi,27.494172991955825,1050.28,50,11.185320092286632,47.721676569322284,2115.4500000000007,0.0,401.5,265928.5506,116.96015177581668,2.1741734366673118,0.0624279303811324,177.57227122604462,18.213114032800863,3127.4471532981297,71.40981530539705,4.614913791080391,0.5475289516588541,14.446337662317104,44.388048722625456,1
/content/drive/MyDrive/Proyecto Bocosur/Datos Entrenamiento/Bolidos/Station_2_2020-12-14-02-04-11.avi,32.10601159116959,708.063829787234,47,12.19370879263288,49.31589104596746,1055.1999999999996,9.598587768600508,374.0,41224.61039384338,74.46626039203889,2.085840867004291,0.029902812635405018,170.87331500968025,18.15684114637995,1945.7195825429815,117.1843532578589,4.512027605074461,0.13987718011311728,11.47919934746534,46.82211714099806,1
/content/drive/MyDrive/Proyecto Bocosur/Datos Entrenamiento/Bolidos/Station_2_2020-12-14-02-17-52.avi,40.490592608671015,1542.4673469387753,49,16.200620527933875,66.65222084303383,3080.3,23.94529874995593,521.4000000000002,479771.91770928784,83.74491544913975,2.3092046400215587,0.05979938537185254,128.87577930129362,4.854755011527057,6376.804362069029,265.92455051849913,4.893859938809762,0.07126896055338422,7.291272659076243,63.289094174750815,1
/content/drive/MyDrive/Proyecto Bocosur/Datos Entrenamiento/Bolidos/Station_2_2020-12-14-03-30-14.avi,46.78510196732164,1000.2666666666668,57,21.516670233184147,74.81918302265358,1663.5,4.823498494523292,435.59999999999985,125779.45178362574,165.1032129705756,2.1391198559227966,0.04004078906620852,111.72994045737764,11.861108030804619,3234.9651928927588,63.674385825784825,4.981901180964198,0.23668447642050344,34.41368494118535,85.23234821338636,1
/content/drive/MyDrive/Proyecto Bocosur/Datos Entrenamiento/Bolidos/Station_2_2020-12-14-03-54-45.avi,44.28606887992303,543.7727272727275,22,7.223237869197823,74.99054250593433,755.2,27.01609216013815,413.0500000000001,7411.397892561982,172.42880817768722,2.2438744261222485,0.02881378976943197,315.98194651822496,34.523101708144964,859.1522429167067,8.029625794801737,4.019245879493825,0.42627481511194587,5.873055854673936,27.620264925083838,1
/content/drive/MyDrive/Proyecto Bocosur/Datos Entrenamiento/Bolidos/Station_2_2020-12-15-00-28-17.avi,89.11142587234959,972.25,15,11.202940497077273,123.08480935886827,1737.1000000000006,60.952033611083564,453.15000000000015,134116.16300000006,312.52372369087294,2.190658990488012,0.08508707449480211,459.0747311702002,5.777345999921063,3680.5698525314797,295.37916419888717,7.238522704062389,0.34264470410785663,3.774071229632455,40.928318362278986,1
/content/drive/MyDrive/Proyecto Bocosur/Datos Entrenamiento/Bolidos/Station_2_2020-12-16-21-53-05.avi,74.49509169804854,647.425,8,5.073422434989012,102.72093936768307,858.9000000000002,45.74830647684365,411.6999999999999,22822.68312500001,268.57862352067133,2.2023854782441274,0.04566074765687686,181.6588585622493,3.4699489807938324,936.6581318197348,56.09182606124094,1.4393757870147168,0.01640619953413383,1.5856824807285363,17.098850478219298,1
/content/drive/MyDrive/Proyecto Bocosur/Datos Entrenamiento/Bolidos/Station_2_2020-12-23-22-39-17.avi,39.916278686059904,529.2375,16,5.329476983373056,59.3644835605989,892.1999999999997,11.379123575222321,395.59999999999985,17224.351093749992,139.22895575138725,2.0764762319196364,0.057868498124602985,255.38148058091062,6.21986207925401,2897.2048291863075,245.175734511782,4.718722532176441,0.5602741661443373,3.813537259739945,20.1610551291272,1
/content/drive/MyDrive/Proyecto Bocosur/Datos Entrenamiento/Bolidos/Station_2_2021-01-07-23-08-40.avi,27.94666384327402,1555.494020803961,19,4.096523331979242,48.28501924631114,5731.7,7.119141436030223,415.09999999999985,2135425.5726879425,82.19976628549303,2.400676205814843,0.122898318219974,166.27342022786675,18.06049263643012,12495.312531304082,250.32959743184017,4.294882532441647,0.06634433761517106,4.237207870110119,15.854371908815832,1
/content/drive/MyDrive/Proyecto Bocosur/Datos Entrenamiento/Bolidos/Station_2_2021-01-10-01-04-18.avi,37.955760840362395,4531.786429940186,30,9.340076305639275,55.335761981152814,15380.0,14.641688893909588,881.0,12934765.636728501,157.00804424936726,2.7081059571215613,0.3301615153245291,208.15609603620172,7.743325304137019,29841.821932354596,388.0456805672076,7.629215631080769,0.30615357887939165,3.3360505188340426,36.002806702730815,1
/content/drive/MyDrive/Proyecto Bocosur/Datos Entrenamiento/Bolidos/Station_2_2021-01-14-21-30-18.avi,12.878452415549784,1552.8563636363638,55,4.833992769598948,31.14898198647992,2827.2,3.6437437966593818,446.79999999999967,393108.097368595,42.02904082930046,2.380036010906247,0.07423173803968962,113.558372051564,5.1998276827608665,8157.787920635828,170.2994088328309,5.567908251917865,0.08025245373471503,11.891855934060006,17.86311110935991,1
/content/drive/MyDrive/Proyecto Bocosur/Datos Entrenamiento/Bolidos/Station_3_2020-05-14-00-45-49.avi,32.33834504306696,4502.732394175629,135,34.89295585994468,66.91657575774616,8720.447406132334,1.1459884943420016,1252.1999999999996,3649295.063971328,280.84259198895955,2.916935489161762,0.1598155851004104,72.94639457654816,2.1933542176897887,14193.085827242532,729.3668151726883,3.2027810596581894,0.13158028397345106,30.053184368194426,139.2646080158047,1
/content/drive/MyDrive/Proyecto Bocosur/Datos Entrenamiento/Bolidos/Station_3_2020-05-09-23-25-13.avi,33.93103263146415,4280.39674587219,50,14.883891444810992,56.04509508140624,8871.376066293227,10.111123634622873,902.6,3925209.10226106,100.77191189226076,2.853253199156705,0.2315724918246041,107.48401821911531,2.4521364812885107,18960.64343002153,667.359132289186,5.1180318882671765,0.2845693936391052,10.719931142211408,55.362684386121614,1
/content/drive/MyDrive/Proyecto Bocosur/Datos Entrenamiento/Bolidos/Station_3_2020-04-30-02-32-30.avi,115.44916907091073,1750.7675,20,19.573012344743194,147.0624350389338,3121.6,90.93669743472158,937.35,363514.56631875,239.61636145115418,2.3805582973255253,0.07822348051349827,316.53472911641535,37.00500694707252,7942.567643626571,1046.635960523446,6.477737608235638,0.3145126620059332,3.9011472003468834,73.25470990418259,1
/content/drive/MyDrive/Proyecto Bocosur/Datos Entrenamiento/Bolidos/Station_3_2020-03-05-00-22-37.avi,59.2004557056778,1895.494444444444,18,8.337190085205545,77.54321299850558,2840.5999999999995,21.94687965262225,993.2999999999997,332107.42385802465,194.91469098417198,2.574528157104784,0.08441162879628747,340.65731590189154,14.785738516422715,6719.367223928711,49.3441281279004,6.846675667154146,0.009336560913298956,4.0309140770438034,32.56970741624865,1
/content/drive/MyDrive/Proyecto Bocosur/Datos Entrenamiento/Bolidos/Station_2_2021-03-07-04-37-24.avi,43.81062159017376,832.0799999999998,5,1.8768353527580264,52.08242475431992,1009.8,38.30788711475237,673.4000000000002,13654.425599999988,26.582653707602375,2.136405505907509,0.031358978136752536,28.05133242447949,0.8877184201629007,812.2303136267262,1.1283263847734817,1.3796897770785406,0.03746476676876896,0.2647000385259446,5.995992259453933,1
/content/drive/MyDrive/Proyecto Bocosur/Datos Entrenamiento/Bolidos/Station_2_2021-03-07-05-07-20.avi,45.67635055029379,2441.4722222222226,9,3.686432737627897,63.016043631093524,4769.1,29.085181711084843,994.6,967527.8778395064,161.62485102872884,2.4667956198894916,0.0653224245814183,108.69999174421592,10.261334038240747,9859.876820109228,681.9756962763818,3.9537984808815803,0.25095703130589403,0.8629683661043828,12.667217592025265,1
/content/drive/MyDrive/Proyecto Bocosur/Datos Entrenamiento/Bolidos/Station_2_2021-03-09-01-23-14.avi,15.50412875992896,2547.1181818181813,11,1.0474676623696997,27.727041426055994,5484.15,5.172083038619955,942.8000000000003,1405788.577396694,50.26039298374207,2.432812030441766,0.138070421107107,92.26192192413872,6.168673112764496,9967.439535880474,83.30773308602821,4.381153647102399,0.051854190770202126,1.441430733914018,3.7069967845231813,1
/content/drive/MyDrive/Proyecto Bocosur/Datos Entrenamiento/Bolidos/Station_2_2021-03-10-01-30-18.avi,47.501348648386895,1475.9681818181818,11,4.316866624932366,65.37491264551133,3093.05,26.11041507898607,628.6000000000001,376668.6623966943,91.10954046225059,2.241886124861141,0.07477949757951594,177.60540400017373,4.039401544346918,6335.056684856703,443.33800073890256,3.243782353216245,0.25190787710492896,1.595197430708993,15.496953232183454,1
/content/drive/MyDrive/Proyecto Bocosur/Datos Entrenamiento/Bolidos/Station_2_2021-03-10-02-55-46.avi,37.046026541416346,725.5943181818183,44,12.986600122633511,61.984958820805595,1089.65,13.858686363643468,417.34999999999985,27787.847069989682,148.54668259650674,2.1573380760059013,0.05292507861559508,123.93706404829213,10.351330850717645,1882.6168598859801,84.74396698699233,2.624083683272268,0.15976686977760676,10.376611754665078,49.928560994252386,1
/content/drive/MyDrive/Proyecto Bocosur/Datos Entrenamiento/Bolidos/Station_2_2021-03-11-02-02-53.avi,40.927654915313475,615.4470588235292,17,5.5887176992206955,63.06387587609274,987.0,18.64880044516352,473.75,15194.004844290665,177.6251794526012,2.0819923868079013,0.03392812942991438,270.9980979928506,1.987084047698164,1587.4983306184433,6.9883117536167925,4.667366588735733,0.08088647609979498,2.8121259342279643,21.733550663684376,1
/content/drive/MyDrive/Proyecto Bocosur/Datos Entrenamiento/Bolidos/Station_2_2021-03-06-22-16-22.avi,14.540677917053594,4432.912835512943,41,5.024618681253979,29.595645488674666,5542.4,6.339636281262052,1154.8000000000004,1404344.8022264913,35.24434752056385,3.0902518105021106,0.11283557734247568,142.44857186395572,1.112434218517928,7418.981475784366,511.0107324024232,1.836936335611699,0.015482296726794513,4.6628462624381655,19.08555342781513,1
/content/drive/MyDrive/Proyecto Bocosur/Datos Entrenamiento/Bolidos/Station_2_2021-04-18-01-56-24.avi,21.07667042901228,677.3199999999998,5,0.7796182815816117,29.65473710311592,928.6,7.779796349848953,516.1999999999998,23360.04160000001,98.67079310711344,2.1309137253062085,0.05000759122747783,98.4277137521206,5.355832559514017,849.7939450732374,52.70550292629978,2.1723396209242645,0.05245269072299479,0.6257178210660115,2.3735315256398324,1
/content/drive/MyDrive/Proyecto Bocosur/Datos Entrenamiento/Bolidos/Station_2_2021-04-18-00-18-13.avi,82.04554390999435,734.123076923077,13,9.007983626273363,115.65354796698429,893.0999999999998,49.69947250401622,521.5999999999998,14375.902159763307,413.8475269277688,2.1428302957236607,0.04290437372318257,481.3378087550933,4.650263394888191,2191.1681728613307,111.17981200802996,4.406896335918492,0.2895981324957547,2.999157292077527,32.457663589169954,1
/content/drive/MyDrive/Proyecto Bocosur/Datos Entrenamiento/Bolidos/Station_2_2021-04-22-02-57-27.avi,56.08304419482379,554.6999999999998,7,3.2892378244897347,75.22451722074102,892.1500000000002,36.3078128791719,408.84999999999985,21238.1842857143,198.98374750267058,2.230359583161873,0.07822166177214511,148.01642256018962,8.39598325979092,1072.178715092575,39.368399862923006,2.9244815026518896,0.0933266274860499,1.2415278348032714,11.26319036477501,1
/content/drive/MyDrive/Proyecto Bocosur/Datos Entrenamiento/Bolidos/Station_2_2021-05-17-03-04-12.avi,85.61680405422284,946.8888888888887,9,6.405754128809787,101.63410588611015,1570.25,70.20987649465519,492.5,137866.23765432098,137.15299037543252,2.1366358304922635,0.0327771884237216,159.86727153229504,9.799081642135306,2280.2667074102274,3.274203837872089,2.2306149575419214,0.0576500339567699,1.6732658298456895,23.144244595874902,1
/content/drive/MyDrive/Proyecto Bocosur/Datos Entrenamiento/Bolidos/Copia de Station_3_2020-04-30-02-32-30.avi,115.44916907091073,1750.7675,20,19.573012344743194,147.0624350389338,3121.6,90.93669743472158,937.35,363514.56631875,239.61636145115418,2.3805582973255253,0.07822348051349827,316.53472911641535,37.00500694707252,7942.567643626571,1046.635960523446,6.477737608235638,0.3145126620059332,3.0338267606641125,73.24102906431857,1
/content/drive/MyDrive/Proyecto Bocosur/Datos Entrenamiento/Bolidos/Copia de Station_3_2020-05-14-00-45-49.avi,32.33834504306696,4502.732394175629,135,34.89295585994468,66.91657575774616,8720.447406132334,1.1459884943420016,1252.1999999999996,3649295.063971328,280.84259198895955,2.916935489161762,0.1598155851004104,72.94639457654816,2.1933542176897887,14193.085827242532,729.3668151726883,3.2027810596581894,0.13158028397345106,30.41578047059062,139.3283269841373,1
/content/drive/MyDrive/Proyecto Bocosur/Datos Entrenamiento/Bolidos/Copia de Station_3_2020-05-17-23-05-59.avi,76.21792722323151,1316.5454545454547,22,13.599188547293394,105.17406092173412,2008.0,35.014153893380815,804.9000000000002,67597.26429752067,383.0901758885592,2.340801522738284,0.09142259544225638,508.60668284393915,15.915212430106394,5371.936011048953,306.0735114052064,6.311720467473247,0.5335225892439885,3.9589927361328137,52.27990426832292,1
/content/drive/MyDrive/Proyecto Bocosur/Datos Entrenamiento/Bolidos/Copia de Station_3_2020-04-19-03-06-52.avi,20.103285468844703,3206.4308561643847,12,1.8321781696005728,29.179716507169147,4246.520273972617,13.460304531919734,829.1000000000001,825616.0287836365,29.13819014137404,2.552049624513732,0.060951179630987985,93.82161149532502,3.5800089447696317,8678.455617453374,180.55732971880127,4.860226662413788,0.1232345719268965,1.6363186566192809,5.946173661501911,1
/content/drive/MyDrive/Proyecto Bocosur/Datos Entrenamiento/Bolidos/Copia de Station_3_2020-05-17-03-23-54.avi,18.44983844515664,2902.357735265035,19,2.7451711727607866,35.889542215640404,8711.75,3.3052500453600313,1069.65,4743439.2292347485,80.88688261712599,2.5765429531638206,0.244206489289382,207.722071363924,14.764290952409851,17980.723252822234,576.914224521218,8.992967567372354,0.5720567589573533,3.0984380750453795,9.644558697870494,1
/content/drive/MyDrive/Proyecto Bocosur/Datos Entrenamiento/Bolidos/Copia de Station_3_2020-03-05-00-22-37.avi,59.2004557056778,1895.494444444444,18,8.337190085205545,77.54321299850558,2840.5999999999995,21.94687965262225,993.2999999999997,332107.42385802465,194.91469098417198,2.574528157104784,0.08441162879628747,340.65731590189154,14.785738516422715,6719.367223928711,49.3441281279004,6.846675667154146,0.009336560913298956,4.4518340005354835,32.560801029079514,1
/content/drive/MyDrive/Proyecto Bocosur/Datos Entrenamiento/Bolidos/Copia de Station_3_2020-05-02-00-06-06.avi,33.6313295740177,1541.5266666666662,15,3.991690410821393,66.3164555251893,2239.95,7.971045056091835,975.85,138964.45528888886,272.6413347776978,2.407433611583151,0.10266454443465094,509.92159295954485,7.037682918776285,6804.709182212505,211.45659180721185,9.219576633820964,0.4308706890068207,2.477536191939293,14.880637775499848,1
/content/drive/MyDrive/Proyecto Bocosur/Datos Entrenamiento/Bolidos/Copia de Station_3_2020-05-16-00-20-19.avi,33.976780866479714,1247.135714285714,14,3.9112601308320802,53.71745342802061,1816.5999999999995,4.656156250615032,675.8999999999999,126767.22622448974,122.683207238855,2.4187535323321367,0.09965439579894704,188.56656040496918,5.790495003573966,5221.513306785993,299.4779481824508,5.363933121274892,0.4965880960219721,3.4131557165001,13.679787058517187,1
/content/drive/MyDrive/Proyecto Bocosur/Datos Entrenamiento/Bolidos/Copia de Station_3_2020-05-09-23-25-13.avi,33.93103263146415,4280.39674587219,50,14.883891444810992,56.04509508140624,8871.376066293227,10.111123634622873,902.6,3925209.10226106,100.77191189226076,2.853253199156705,0.2315724918246041,107.48401821911531,2.4521364812885107,18960.64343002153,667.359132289186,5.1180318882671765,0.2845693936391052,9.27530916635692,55.371303320188396,1
/content/drive/MyDrive/Proyecto Bocosur/Datos Entrenamiento/Bolidos/Copia de Station_3_2020-05-19-21-57-53.avi,21.3945232945838,3107.313499023729,22,3.5294517598593287,40.14614419563613,9642.8,4.568702100532679,797.0,5543223.044312187,75.91539426595536,2.7317081949905786,0.16430035837672094,199.91092678938037,0.2854864473528424,28055.181901336644,86.94387820946609,7.298005027032111,0.5988732109348089,4.526201915807121,11.4466374857112,1
/content/drive/MyDrive/Proyecto Bocosur/Datos Entrenamiento/Bolidos/Copia de Station_3_2020-05-18-01-39-53.avi,16.466401843029047,2847.1201959070945,18,1.911243014395123,35.53709303217823,5144.700000000002,3.7234035599865543,749.5999999999996,2148521.0030602096,84.04112123331169,2.6779819931263216,0.19030703756800094,212.22747301853667,14.62962586258976,9551.232991590634,258.5791849520184,6.787834701265576,0.3541193888138769,3.3341467701165044,6.927934236584967,1
/content/drive/MyDrive/Proyecto Bocosur/Datos Entrenamiento/Bolidos/Copia de Station_3_2020-08-23-03-52-18.avi,67.081425977194,1557.1357142857144,7,3.8618844226448825,94.83341168178612,1859.4,46.96122010460202,1042.2,94740.12408163273,306.9543996270427,2.4551474705725083,0.07445849801039517,223.26080589914528,7.3448568142522594,1689.8616238141447,27.466086208311573,2.2265773844189978,0.002765406453832244,1.5985661382563876,13.339867477167662,1
/content/drive/MyDrive/Proyecto Bocosur/Datos Entrenamiento/Bolidos/Copia de Station_3_2020-09-22-01-16-12.avi,55.28265068425878,1108.0454545454545,11,4.805797982815128,83.0826602156315,1504.5,24.384044001714695,773.5,61876.89566115703,493.45973359199684,2.3741980149436284,0.07107463551418905,409.4023658277291,14.917359347308727,4134.027736494319,116.03177789591923,4.7089865794225565,0.0019227813519417933,2.3876096165886342,19.17929888914427,1
/content/drive/MyDrive/Proyecto Bocosur/Datos Entrenamiento/Bolidos/Copia de Station_3_2020-10-10-20-37-18.avi,29.70617212999704,1189.75,21,4.246298859588065,56.15298498522198,1670.0,1.930634934929472,650.5,109872.86309523806,143.2949107299431,2.5438741916747047,0.10755706360039342,291.89145608179075,0.19301316224915324,6641.973480940972,320.43205614458464,8.262303103714991,0.299749645281083,5.402192129090878,16.0544983590424,1
/content/drive/MyDrive/Proyecto Bocosur/Datos Entrenamiento/Bolidos/Copia de Station_3_2020-10-08-22-56-11.avi,23.977920593561894,1227.5833333333333,12,1.8028280144179984,42.73442065468088,1680.75,9.911973113291811,634.0,94133.82638888886,68.97783569526007,2.4960335551464072,0.1117666929375793,149.50038884687424,0.4749138760766467,5264.273683998361,303.4201302991174,6.834652301797216,0.20938527123148684,2.330043905586905,6.40919977196923,1
/content/drive/MyDrive/Proyecto Bocosur/Datos Entrenamiento/Bolidos/Copia de Station_3_2020-10-10-01-23-52.avi,62.85017003238122,1056.4666666666665,6,3.2584104196281456,103.02892627221901,1486.4499999999996,40.051771891722936,674.2,75132.03388888884,521.3029594464026,2.4849309449343195,0.22451843916422107,225.45079632541515,9.596950919387288,2629.427022381738,210.7595727103535,4.105777898915129,0.23075153114250124,1.6105094873552517,10.76832365496892,1
/content/drive/MyDrive/Proyecto Bocosur/Datos Entrenamiento/Bolidos/Copia de Station_3_2020-09-18-23-46-05.avi,23.077892577105953,1821.9777777777774,27,4.387625219086506,46.08660974897765,4104.6,5.566910017417191,758.1000000000001,744823.2224691359,124.92830624753955,2.535070746274436,0.08119581663113573,309.9000232145975,14.708607703409506,9605.519980752879,572.9076903869633,7.260495547472668,0.22975655809035986,6.336754128037399,15.011438108623087,1
/content/drive/MyDrive/Proyecto Bocosur/Datos Entrenamiento/Bolidos/Copia de Station_3_2020-09-15-03-06-46.avi,32.54889692798122,2312.488766990585,55,15.754777424426047,70.97762479814979,4504.8,3.4243056354254358,652.0,908249.4347217181,151.21315113822487,2.4704182283237888,0.06871668073786423,128.23363582795724,3.433555617742527,10754.25813612744,640.8644852937198,4.597818111907049,0.2441969317323344,13.670884989210208,57.703940528061295,1
/content/drive/MyDrive/Proyecto Bocosur/Datos Entrenamiento/Bolidos/Copia de Station_3_2020-09-14-23-31-16.avi,17.429702438206796,2921.477468763425,20,2.2061302718705296,34.08701492801599,9222.5,5.710850211494537,826.25,5810551.674822583,98.2121775328433,2.811468334805084,0.18639294317129973,260.8377100372889,7.628836661728809,15857.582947347155,2005.2164351989727,6.9604101816008725,0.8407680392158138,3.1253810093409413,8.681638912255313,1
/content/drive/MyDrive/Proyecto Bocosur/Datos Entrenamiento/Bolidos/Copia de Station_3_2020-10-15-04-18-50.avi,65.04978191867812,912.25,5,2.9766409670806766,70.16228463340497,1597.5,48.35725616044001,605.0,130446.8,70.2525084173136,2.322865705708379,0.08420274557265932,68.88499101085158,4.7492608838446815,2598.537140494234,84.76674335782855,1.8105494654853052,0.0382506130322021,0.3878747021287694,10.097975173177472,1
/content/drive/MyDrive/Proyecto Bocosur/Datos Entrenamiento/Bolidos/Copia de Station_3_2020-09-15-23-03-34.avi,36.107736283241074,1929.272727272728,11,3.2870844878084933,82.67525018557403,4416.6,21.514076101536254,943.0,981140.2274380169,300.1787805153138,2.598667813594485,0.08713352294632366,283.2091826304246,9.730378613959427,12067.39226839199,322.4484940732084,5.619525704676827,0.37084158036792575,1.7221108315211069,12.355300964001946,1
/content/drive/MyDrive/Proyecto Bocosur/Datos Entrenamiento/Bolidos/Copia de Station_3_2020-10-17-03-47-44.avi,54.92080332071635,3247.705980516845,27,12.532912941917989,84.9198691677053,6482.0,27.53662904459669,1054.0,3026364.797135781,134.1887593617608,2.6432687821126923,0.13026965939588467,346.8012574870047,39.24061207927617,14790.747821986555,609.2770205066593,7.828685483808651,0.050507796560455016,5.420432053347441,47.24049527027081,1
/content/drive/MyDrive/Proyecto Bocosur/Datos Entrenamiento/Bolidos/Copia de Station_3_2020-10-30-00-54-20.avi,67.1893474399528,2020.6307692307694,26,14.519305468814915,96.9524158803313,2564.9000000000005,48.371508687734824,1514.5,90251.90616863917,197.27484415416492,2.626410587052219,0.08345368110308032,326.38759748141536,20.762011175678847,8697.768039139673,57.66993310339654,7.131852927461747,0.05754864332616413,6.30690295850286,55.44041314477214,1
/content/drive/MyDrive/Proyecto Bocosur/Datos Entrenamiento/Bolidos/Copia de Station_3_2020-11-08-20-55-05.avi,21.675373195421663,1590.0749999999994,28,4.0297237137700295,44.72651752690476,2205.45,3.4584219310477637,670.75,142046.9524107143,110.92458328182781,2.508921726450551,0.05735452169520061,341.5330248320568,22.364853124142197,8382.804765640745,540.0966179328591,7.79352311191259,0.3714843630207363,6.033642173092402,15.77004265933236,1
/content/drive/MyDrive/Proyecto Bocosur/Datos Entrenamiento/Bolidos/Copia de Station_3_2020-11-15-02-44-28.avi,33.5902919022607,2836.1,5,1.4849065777488666,53.19362845330081,3622.5,14.80970346017298,1823.75,657969.565,151.27849907304113,2.647827467774297,0.11814242871361745,104.95905179195788,4.995820976487423,4885.28742039953,145.19549839809898,2.822926647184953,0.1080899555653481,0.4495684752829732,4.2914084622306365,1
/content/drive/MyDrive/Proyecto Bocosur/Datos Entrenamiento/Bolidos/Copia de Station_3_2020-11-02-20-23-18.avi,90.04315247849917,2489.775,6,4.667075849825449,104.26518511649016,3274.200000000001,78.60483916794418,1718.75,275907.7414583335,124.0371163387647,2.849007028266145,0.024701754153636627,107.51285181573046,5.944345242510327,4532.2792889069815,123.40420379854359,0.8785793847552252,0.08410418396029444,0.9673698023544262,15.244975797705695,1
/content/drive/MyDrive/Proyecto Bocosur/Datos Entrenamiento/Bolidos/Copia de Station_3_2020-10-30-23-55-17.avi,19.231082616136288,4271.668593450743,37,5.506964890253952,43.13396996267172,8083.845707221759,1.4394641317388353,953.8000000000003,4141000.5952429627,108.33020829937341,2.8499168293428707,0.24257429306553896,246.18790941580943,19.49085784165237,14190.320040055483,39.00817185098042,6.317655548689156,0.028070196791605214,7.998082173814311,21.105301635126732,1
/content/drive/MyDrive/Proyecto Bocosur/Datos Entrenamiento/Bolidos/Copia de Station_3_2020-11-17-03-49-58.avi,21.48881294231016,1179.7833333333333,9,1.3234882915591175,41.235349394231655,1711.25,5.630672480414331,757.1999999999997,96704.26055555561,131.97002899848863,2.523106371636687,0.05307588322857723,132.11280272344368,7.078572583441972,3137.345829816333,99.57593337322174,3.0354735657393594,0.03158701125469045,1.1278936034193665,5.307071980696969,1
/content/drive/MyDrive/Proyecto Bocosur/Datos Entrenamiento/Bolidos/Copia de Station_3_2020-10-21-03-31-57.avi,93.10793553671591,2313.83125,8,6.393628620873711,116.57009557908658,3358.8,73.28531421698541,1385.4499999999996,519505.68433593743,162.7017078913966,2.6530221984992157,0.06658632413780571,139.93180343521038,4.654582425623126,4910.0718977479855,450.12689275873566,2.7038523467612032,0.1234294219254114,1.5366443545849506,21.945195096218253,1
/content/drive/MyDrive/Proyecto Bocosur/Datos Entrenamiento/Bolidos/Copia de Station_3_2020-11-08-03-52-48.avi,48.15920697867461,2566.288888888889,9,3.722721375760225,61.014824485077284,4572.85,28.69227723267672,1556.8500000000006,698806.7959876544,104.83059207066988,2.548504578033579,0.04809502460378117,115.26811383442545,2.7924101886951007,7875.676045521085,303.2649338197615,3.9502653111608135,0.032748965586911934,1.7966033233253709,12.610142849908605,1
/content/drive/MyDrive/Proyecto Bocosur/Datos Entrenamiento/Bolidos/Copia de Station_3_2020-11-13-00-10-16.avi,106.7434824399953,1618.6647058823526,17,15.34494494038437,144.87753946843037,2502.199999999999,78.14683355084351,945.3000000000003,179520.43169550155,376.178318310968,2.574263081163707,0.1901139603235208,409.74715456362935,35.409710602597386,8594.509842757478,869.4623860390959,7.109171901375562,0.7440306037714971,3.4748534755733544,57.50602629795047,1
/content/drive/MyDrive/Proyecto Bocosur/Datos Entrenamiento/Bolidos/Copia de Station_3_2020-12-08-03-08-39.avi,57.23826889719663,1401.1999999999996,9,4.862375170939285,94.22651424095812,2213.2,29.217875318533014,575.8,252161.92,445.2688713328072,2.4684164357227574,0.10514400937147833,251.10452391967513,3.0914533557522548,5407.8185146438955,374.8703009857967,4.845933359432954,0.340564497660231,1.7384221500273895,15.759180034320893,1
/content/drive/MyDrive/Proyecto Bocosur/Datos Entrenamiento/Bolidos/Copia de Station_3_2020-11-26-03-35-17.avi,30.596549086962717,967.925,4,1.1854774628463471,46.5507833462976,1040.1999999999996,22.271738119202947,880.3999999999999,5333.496874999996,98.40652752994768,2.2251915552090957,0.021870904682017016,55.450531169172756,0.6543755051654738,402.02953221195526,3.8058453777222496,0.7917372454878198,0.02559307688396839,0.6378661830765964,3.17777033118164,1
/content/drive/MyDrive/Proyecto Bocosur/Datos Entrenamiento/Bolidos/Copia de Station_3_2020-12-08-00-08-56.avi,67.64323030934925,1174.4375,4,2.607823913887604,100.71339507146523,1511.4,53.847702105064705,846.4000000000002,94729.37921875,367.4270507617385,2.5125979558482583,0.07824927622089098,110.7405480982848,1.8774917919051808,2395.854132638839,74.49224234452876,2.0127548034816307,0.07987508120552167,0.3375998290097613,7.0531188210626174,1
/content/drive/MyDrive/Proyecto Bocosur/Datos Entrenamiento/Bolidos/Copia de Station_3_2020-12-06-04-15-13.avi,79.72485703189449,4332.272841885833,27,18.756417943917945,92.71294470503355,6746.299999999998,41.18871572807407,1397.9,1533510.73261449,122.83754299861299,2.7832428262294,0.13081239023809468,237.06677922087695,41.638068091181495,15729.553528133516,241.32698548828068,10.180623449555515,0.3623369712881615,3.144377935468924,69.53574829028534,1
/content/drive/MyDrive/Proyecto Bocosur/Datos Entrenamiento/Bolidos/Copia de Station_3_2020-12-01-21-21-07.avi,10.6760499255206,4617.912026171719,13,0.9580587075715356,19.354596196860218,5964.200000000002,2.6225372973588827,1593.2000000000005,1453355.257180462,32.74139953179018,2.9873062056462394,0.07517868973855159,63.55976974240103,4.274641412964803,9198.057722505971,1400.4784592484286,3.7747733674480917,0.07434140076616831,1.951399040325498,3.188571448322553,1
/content/drive/MyDrive/Proyecto Bocosur/Datos Entrenamiento/Bolidos/Copia de Station_3_2020-11-30-22-30-14.avi,38.69875433594702,1667.0694444444446,36,12.797892043105982,63.38984725415485,3110.5,14.617151322679115,773.5,265190.6410108025,95.81765098780537,2.5059075319782145,0.07571988424790145,201.3848370018829,3.6337308726509816,9222.493479469571,166.60522447843357,6.722860691246983,0.3660910775337847,7.823853524662013,49.46508729355542,1
/content/drive/MyDrive/Proyecto Bocosur/Datos Entrenamiento/Bolidos/Copia de Station_3_2020-11-24-03-42-47.avi,85.98457037453718,1358.6857142857145,7,4.908286492344546,101.78687362877501,1875.3,32.12199806131862,901.3000000000003,136204.24122448984,549.3201425378217,2.450004560622041,0.08926276307182834,224.80025353995262,21.788916395598072,3403.8555649753835,56.69570827394799,3.723522632490489,0.09405242656799194,2.112959659859428,16.09869052779402,1
/content/drive/MyDrive/Proyecto Bocosur/Datos Entrenamiento/Bolidos/Copia de Station_3_2020-11-30-03-05-57.avi,27.1666854542409,5951.4053268762045,29,6.1863749407918265,44.03624136905485,11831.0,11.771486690582677,753.0,12212758.876548702,81.18499404351628,3.1321204480633265,0.3939615967716172,249.80842143672172,18.89642006699781,22778.878145347968,646.2586553088571,7.3393662726171645,0.2375357824336221,6.953978528263633,24.64759645923089,1
/content/drive/MyDrive/Proyecto Bocosur/Datos Entrenamiento/Bolidos/Copia de Station_3_2020-12-11-01-16-26.avi,41.97348687785128,1928.8428571428567,7,2.30756410924121,56.41904610226414,4316.299999999998,31.65755990511057,702.5999999999998,1463938.848163265,108.77792062898143,2.3986290111479502,0.038009915094350616,120.05191614896124,6.767885414492162,10352.875466771651,410.40972333338,2.4724833536930553,0.18503520712130825,1.5737645114459866,7.66556287031771,1
/content/drive/MyDrive/Proyecto Bocosur/Datos Entrenamiento/Bolidos/Copia de Station_3_2020-12-10-22-53-16.avi,44.34591908794693,1248.5500000000004,9,2.732291479966755,73.65697637043135,1681.1499999999994,14.98093246385076,683.8499999999998,85813.56888888888,324.0614448680597,2.463372863551211,0.08934508065085117,282.112512829768,3.5802275753620423,4415.420556713024,314.02484037830885,4.886894620864705,0.2257935715166263,2.3656906456452877,9.919307436444342,1
/content/drive/MyDrive/Proyecto Bocosur/Datos Entrenamiento/Bolidos/Copia de Station_3_2020-12-10-23-21-09.avi,59.92266103173913,1285.8666666666666,3,1.3496541127804222,61.55810221424321,1586.3999999999994,56.651778666730976,889.8,85438.56888888881,5.349335722860649,2.548494887286354,0.016327735364731387,12.29901224759383,0.5407366046497041,1567.2328923378823,62.58771947652607,0.681358005119828,0.029347722218780938,0.31839760437787845,3.916786282593448,1
/content/drive/MyDrive/Proyecto Bocosur/Datos Entrenamiento/Bolidos/Copia de Station_3_2020-12-14-02-09-46.avi,23.673105136376424,1003.7333333333336,18,3.544145926182189,40.87192319138801,1485.6000000000006,9.640165689017474,633.2000000000003,73116.65333333336,87.18124117853603,2.448374670571072,0.03328680149714637,259.81535575089407,1.7953190895189683,6157.399728559525,137.0199461423405,4.6089867793987045,0.17259874816160348,4.484130992148664,15.027563906006865,1
/content/drive/MyDrive/Proyecto Bocosur/Datos Entrenamiento/Bolidos/Copia de Station_3_2020-12-12-04-10-23.avi,66.85031917122947,1609.6,5,2.7017997712321384,70.77769608813375,1866.0,64.98951321575079,1006.25,96037.565,5.423463075906875,2.826809241189524,0.18316278044124168,21.527428130381807,1.4332147923020102,2204.7903524283392,159.12042818810716,4.279623026091636,0.2296331813150385,0.4486120721682312,8.936619692842283,1
/content/drive/MyDrive/Proyecto Bocosur/Datos Entrenamiento/Bolidos/Copia de Station_3_2020-12-11-04-06-21.avi,55.57095124344313,1351.31875,8,3.7319838129255216,71.62847417820082,2229.949999999999,35.0922835100735,857.5500000000003,198159.14308593728,227.27506306535398,2.4886978883181694,0.24363524069829376,167.47080266031122,11.112918670050938,5699.224360145112,468.3217627257834,6.741040751509235,0.44673774469741867,2.0387806290377744,12.737274860396676,1
/content/drive/MyDrive/Proyecto Bocosur/Datos Entrenamiento/Bolidos/Copia de Station_3_2020-12-14-03-30-15.avi,39.48169539451421,980.51,10,3.0592712402572144,74.1820371180124,1469.3999999999994,12.754350125869667,651.9000000000002,66789.94889999999,447.0939663157245,2.4917303241747115,0.16144343897235625,369.8014335949603,4.6048448186077335,3068.4687710580793,26.905319313377994,4.518859375928386,0.10942583781468188,2.420630293471575,10.595303142457864,1
/content/drive/MyDrive/Proyecto Bocosur/Datos Entrenamiento/Bolidos/Copia de Station_3_2020-12-14-02-23-26.avi,25.47848732306811,1596.0859375,32,6.444794753664277,45.12351515233468,3027.15,7.8933460552714685,825.4000000000002,359443.83363037097,129.31374742961572,2.410350090677161,0.08448718131871036,240.74084709413876,4.912208912291791,8941.535520048794,187.1763857061864,6.55806641180087,0.8144632813423172,5.769792656234984,24.321191317004704,1
/content/drive/MyDrive/Proyecto Bocosur/Datos Entrenamiento/Bolidos/Copia de Station_3_2020-12-14-01-01-36.avi,46.79511076593499,2084.310344827586,29,11.378241605567762,65.19075396722853,2528.0,28.88942561388445,1412.0,98071.86920332938,96.10879682413857,2.690195920903179,0.06058679004878971,187.84286617109748,12.499660283242381,5830.608444904432,315.870107971184,6.1011494848499215,0.2275570241555109,6.121269170411381,43.50708538438525,1
/content/drive/MyDrive/Proyecto Bocosur/Datos Entrenamiento/Bolidos/Copia de Station_3_2020-12-15-00-33-54.avi,82.03524590509961,1714.8399999999995,5,3.467187760763442,98.12344084926876,2379.9,70.73798935078202,1268.1999999999996,162917.19439999998,78.92158974971417,2.5800327375571652,0.03500325471769128,62.53418365173592,1.0995728989425857,2080.6856430430985,123.46353428588972,1.7607577520028097,0.061341024205896835,0.4364832949462354,10.952202484267843,1
/content/drive/MyDrive/Proyecto Bocosur/Datos Entrenamiento/Bolidos/Copia de Station_3_2020-12-15-00-30-54.avi,16.641768895636776,1536.5749999999996,12,1.574560276322461,40.13876954280431,1979.8,3.326313097227056,1001.5999999999997,93231.4202083334,119.10135365538969,2.5655890743484,0.09316512193888933,182.4391422587026,3.473592893021795,3783.312370282797,166.37883674670073,3.1908499655699125,0.3559540266959785,2.508742848083976,4.798806920450851,1
/content/drive/MyDrive/Proyecto Bocosur/Datos Entrenamiento/Bolidos/Copia de Station_3_2021-01-08-22-07-36.avi,12.571756067203367,1822.520833333333,12,1.122921109908157,28.301228045348953,2371.5,3.2520577360722167,1299.0,139685.29644097222,46.529320125928834,2.560035870114393,0.06310021654069073,126.90064992531431,5.196605981354949,5197.413769570263,183.830914648179,3.888948195956348,0.08627690876580478,1.60498945456834,3.681573721702872,1
/content/drive/MyDrive/Proyecto Bocosur/Datos Entrenamiento/Bolidos/Copia de Station_3_2020-12-22-01-57-58.avi,58.129669191419886,1450.4,4,1.7329243617785073,67.06997699616707,1519.8000000000004,41.51661972691875,1352.1999999999996,4731.080000000025,96.33949961056179,2.6416452306234985,0.005411131559122325,58.45604288167354,1.36977915288346,370.4102491667759,15.210910531071534,0.5246973648109319,0.009819168700146095,30000.0,4.770577045695176,1
/content/drive/MyDrive/Proyecto Bocosur/Datos Entrenamiento/Bolidos/Copia de Station_3_2021-01-01-21-55-45.avi,59.399435078827,1687.6841463414637,41,20.28205901899507,92.4081822474505,2837.850000000001,32.811247710175074,808.8000000000003,230807.8822486616,196.157412097447,2.5120773250098933,0.09154761832506243,196.84027890205292,2.8250714873643146,8453.773314315024,258.8590884687597,5.310315411873848,0.20649433396020728,9.171047173593934,78.00963763009851,1
/content/drive/MyDrive/Proyecto Bocosur/Datos Entrenamiento/Bolidos/Copia de Station_3_2021-01-04-04-09-11.avi,70.45406031940153,1521.416666666667,12,7.184080759758282,97.93336794793369,2424.75,54.269331413267395,904.9499999999997,240077.2293055557,183.16891190960098,2.4680702098565765,0.11622220344858555,175.05579347003743,17.75139448846023,6083.808040062745,147.53382746564168,4.1763627700975565,0.06997725177658927,2.327693713329211,26.059914077518286,1
/content/drive/MyDrive/Proyecto Bocosur/Datos Entrenamiento/Bolidos/Copia de Station_3_2021-01-10-01-10-01.avi,81.38066296777903,9696.833286839417,27,26.71845720864385,124.0267437429964,56316.33313285964,44.26273202723858,847.0,234835760.2114414,457.428567956468,3.3120827816551466,1.7746742285005783,567.9197647675386,33.23550364807497,87701.00882774401,14512.028525641035,15.316472011266933,0.8778445027344333,6.20422855886369,95.38615956523809,1
/content/drive/MyDrive/Proyecto Bocosur/Datos Entrenamiento/Bolidos/Copia de Station_3_2021-01-10-00-53-00.avi,58.20196948454441,2544.955000000001,10,5.001209250194576,68.65009040757215,3289.05,50.902479105727366,667.25,508496.928725,35.835949408561724,2.583667782601633,0.1152403972462217,71.13174425482227,1.220002915232675,6911.888878752134,589.8849825496043,4.690219664208801,0.4468953818440644,1.522692980767843,17.52036106069566,1
/content/drive/MyDrive/Proyecto Bocosur/Datos Entrenamiento/Bolidos/Copia de Station_3_2020-12-17-03-34-59.avi,6.9851241930711145,3251.4220111726318,39,1.4990970204522645,26.344630107039468,5014.042962486366,0.0,1843.1000000000006,976775.2397041088,33.29187649121672,2.8085115288167137,0.13981183325031865,156.74814807591298,4.86005648487128,6896.181324222339,258.9397427557099,5.414933845693085,0.02550135971614509,8.17698109960704,4.871680475068402,1
/content/drive/MyDrive/Proyecto Bocosur/Datos Entrenamiento/Bolidos/Copia de Station_3_2021-01-08-23-20-27.avi,100.89422965966446,2395.858333333333,6,4.9605854581231155,109.55873193264169,3617.9,81.94298034054026,855.5999999999996,1007146.747847222,90.41954399614691,2.2854116524573094,0.07989868398879629,58.530763118742506,1.4372752334087242,5387.179017341513,439.43204494970377,2.0602737864926293,0.07182654470451115,1.006783600426381,16.46509400458594,1
/content/drive/MyDrive/Proyecto Bocosur/Datos Entrenamiento/Bolidos/Copia de Station_3_2020-12-22-01-03-30.avi,41.2441567909134,1007.075,8,2.1113704821525543,65.49605418240293,1567.7999999999995,13.849385835209475,729.0,64012.469374999964,207.594366977918,2.4569371124580366,0.06344512690822135,149.9770374695571,2.22647465983819,2922.1104962352724,30.385186477632274,3.0901457329212705,0.0405401520637616,2.3463583968150346,7.768292313761591,1
/content/drive/MyDrive/Proyecto Bocosur/Datos Entrenamiento/Bolidos/Copia de Station_3_2021-01-20-23-20-15.avi,71.87198169399551,2316.735,20,12.149810360148999,105.61157992619844,4138.549999999998,49.65183909170258,664.9000000000002,961654.8202749995,232.60683915707702,2.341849995534288,0.09399437374026827,337.6236820142912,6.302320648449372,11739.254679958896,1023.1755388912093,7.929461048415532,0.4495604067455189,25.31771097331116,44.627459178436006,1
/content/drive/MyDrive/Proyecto Bocosur/Datos Entrenamiento/Bolidos/Copia de Station_3_2021-01-13-21-12-27.avi,51.31156023396838,2624.361904761905,21,10.000833091175405,70.55122882485966,3778.950000000001,24.85736204765559,1447.0499999999995,492099.43831065757,139.659478688787,2.589566333244841,0.05732855976809284,327.05214844733536,18.870142691265315,8696.071338542222,42.53654240990402,6.404576226275428,0.15789386712419928,5.413109788970132,37.6767876975029,1
/content/drive/MyDrive/Proyecto Bocosur/Datos Entrenamiento/Bolidos/Copia de Station_3_2021-01-13-02-47-31.avi,38.72037010543877,3194.655,20,6.55088086233652,50.35759857383868,3945.7,24.399440530811145,2255.7000000000007,227732.75747499996,38.19514282831257,2.575244829319672,0.1101634162997684,144.9413893594967,2.202427051811364,8824.617032910939,419.9137543021038,7.089297711636847,0.07188169035222454,2.7053897921359753,24.247195064124213,1
/content/drive/MyDrive/Proyecto Bocosur/Datos Entrenamiento/Bolidos/Copia de Station_3_2021-01-18-01-12-35.avi,33.17643400063149,2466.199544527344,18,4.687483122064247,61.37644781287522,11610.591801492184,1.632585868028254,990.0,7079735.08328854,320.36135458275004,2.7768828149538254,0.2230700517320424,366.14182614730726,1.4994255334563134,24260.351228882988,123.1068902109677,6.986799709310576,0.16007797534947962,4.147818836893066,16.11886117551445,1
/content/drive/MyDrive/Proyecto Bocosur/Datos Entrenamiento/Bolidos/Copia de Station_3_2021-01-13-20-51-24.avi,27.421005154208203,2470.125,4,0.773837071631125,37.59532561453655,2657.25,18.569382168005585,2202.5,27901.203125,45.685697655838965,2.483057232951236,0.06645638293141813,41.52128676779713,1.5554829104193253,1084.215856908289,4.375297237886002,1.6613334692840045,0.007262586404939153,30000.0,1.6932131303091136,1
/content/drive/MyDrive/Proyecto Bocosur/Datos Entrenamiento/Bolidos/Copia de Station_3_2021-01-19-02-00-54.avi,111.85889188799574,1749.03,10,9.51236910951511,154.72625380946883,2968.350000000001,84.0023061754967,832.55,304478.8886000001,453.8284371094044,2.5796589561148764,0.4442974170298696,320.3958535644486,15.512796841080894,7178.050212814986,186.8124293351243,8.03875163804207,0.0578309237103122,2.5260494240568505,33.870537021019025,1
/content/drive/MyDrive/Proyecto Bocosur/Datos Entrenamiento/Bolidos/Copia de Station_3_2021-01-20-02-05-23.avi,54.8956539743112,1402.12,5,2.0460630898881136,68.2747827295521,1891.6,27.266422767461705,1014.2,151928.40959999996,258.01461831826845,2.437168677606585,0.06331299448018145,147.20665337597714,6.863617871948559,2217.0738224089146,32.49402539620532,1.394575161751562,0.052350244998086035,0.8641649487122152,6.777804274998339,1
/content/drive/MyDrive/Proyecto Bocosur/Datos Entrenamiento/Bolidos/Copia de Station_3_2021-01-26-04-30-39.avi,62.80453015082554,3130.014285714286,7,3.592183668313281,73.89637080423316,3954.9,53.71088261707463,2154.8,398731.7569387755,31.301904177656283,2.501892601918368,0.045631729412256086,74.97618292220757,3.868145129048541,4786.557384756751,120.97398006359774,3.293475404391605,0.06572791753973206,1.7839440447640698,12.366716496147802,1
/content/drive/MyDrive/Proyecto Bocosur/Datos Entrenamiento/Bolidos/Copia de Station_3_2021-01-26-02-38-37.avi,59.90335817389502,1747.928571428571,7,3.5440704909719525,73.32887628609421,2185.25,40.32765631976447,1148.0,136509.42346938775,118.89762894581449,2.6065191719454406,0.1260768438515021,127.65488578334484,4.332977686490123,4649.784800803624,313.4983545074302,3.5107911071678544,0.2148539936332002,1.4378645844763869,11.774719728596445,1
/content/drive/MyDrive/Proyecto Bocosur/Datos Entrenamiento/Bolidos/Copia de Station_3_2021-01-22-02-00-12.avi,32.29112733197931,9862.420371799491,69,17.953393843715055,68.28250400485783,20217.0,11.178323185986171,884.75,38998327.65276694,169.27268869737003,3.49202033355744,0.6401667852421473,142.78696057257406,2.009515240356796,37142.87346307938,6070.120924856067,5.233437918973131,0.7317458928458442,39.80466976850843,66.75097528639543,1
/content/drive/MyDrive/Proyecto Bocosur/Datos Entrenamiento/Bolidos/Copia de Station_3_2021-01-24-02-41-38.avi,61.85021980973336,1791.3624999999995,8,4.409901592593231,111.50136827476656,2655.6,39.41168573544525,1037.05,337969.7342187501,550.0608377378827,2.4765307795105995,0.06608211724587662,264.2942158249237,0.3947911926991825,4228.649839374384,92.27723777607937,3.3123663963265875,0.014574171857963947,0.7019021407745072,15.134029877023625,1
/content/drive/MyDrive/Proyecto Bocosur/Datos Entrenamiento/Bolidos/Copia de Station_3_2021-01-25-21-25-33.avi,23.77904875411425,3729.6090190253694,79,15.237535265636703,39.28497840428892,8270.85666260851,2.6916156877375372,843.0999999999998,2638348.6695572427,60.374196556742,2.7251274875430447,0.1411611343028674,71.18606694715574,1.9643062035924,11098.543324623728,432.08226235673203,3.0883238091687537,0.027363192219567,25.22023586067587,57.75838834899801,1
/content/drive/MyDrive/Proyecto Bocosur/Datos Entrenamiento/Bolidos/Copia de Station_1_2020-10-16-22-33-50.avi,5.1033048190707175,6140.661806911136,81,0.8331980349914243,20.65480660639889,23904.0,0.14165114091539452,1347.0,50122148.36433524,16.203439207426708,2.9388373229293125,1.016827281973246,68.21991919959491,5.128536174574569,44986.601213614915,60.287364200226094,6.846644548349799,0.06066102596193058,15.366112727571304,2.8375786193071635,1
/content/drive/MyDrive/Proyecto Bocosur/Datos Entrenamiento/Bolidos/Copia de Station_1_2020-10-25-02-36-27.avi,13.085981339731697,7785.699753764156,87,6.217326371094113,51.86713181757696,12965.4,0.0,5336.040761843169,1363878.7411625478,124.99752664092938,3.0768130459142524,0.14996622707508694,174.91427121610698,7.9924706344934595,17868.558323985402,1715.7166430609152,5.812481682903464,0.5840762635096639,17.145816746872185,24.977957643158497,1
/content/drive/MyDrive/Proyecto Bocosur/Datos Entrenamiento/Bolidos/Copia de Station_1_2020-12-14-02-09-56.avi,39.04797777622203,725.327,50,16.07720977179362,72.91396945655832,1046.85,21.986600862004515,424.65000000000015,38540.440621,124.89013804834005,2.023887562717313,0.0316498553351954,165.344906431899,0.13435005799245828,1832.0794734865806,116.31412001677444,4.155919978264067,0.1850288498556628,214.06661137578774,62.10887429055773,1
/content/drive/MyDrive/Proyecto Bocosur/Datos Entrenamiento/Bolidos/Copia de Station_2_2021-05-14-18-36-45.avi,10.876817841682554,826.4416666666666,24,1.1783643495239695,28.427587964050225,1620.3999999999994,0.7099517793770095,510.0,79580.73993055553,35.055167759321236,2.0449556075214153,0.008643057876178997,150.89514434097842,1.2403303892940765,3162.947976097929,69.61943907778085,2.4341267226644474,0.01950015567084326,5.528700646598395,4.08503133696538,1
/content/drive/MyDrive/Proyecto Bocosur/Datos Entrenamiento/Bolidos/Copia de Station_2_2021-05-19-06-18-51.avi,66.77379667956204,5114.922222222222,9,4.999677311777545,83.8990099489608,14026.3,41.00007296834096,1732.1,16049427.499506168,183.25712870013317,2.65000245700906,0.34425110867314995,202.44292445504348,11.607713897713225,41715.84186257862,2992.4822265864746,6.5194318128927655,0.2598032538871963,2.201826874574664,17.1552458583641,1
/content/drive/MyDrive/Proyecto Bocosur/Datos Entrenamiento/Bolidos/Copia de Station_2_2021-05-18-19-46-01.avi,13.423122466401567,1483.321428571429,7,0.3880532810861233,23.532490782018613,2161.25,4.269245767804131,725.25,231617.01275510198,55.25963007929612,2.1572381839711414,0.06313407701169013,46.25777092362794,2.4228182868242927,3599.1444737328834,22.40844691621991,1.8098192298961453,0.1638572960515532,30000.0,0.6529493188529126,1
/content/drive/MyDrive/Proyecto Bocosur/Datos Entrenamiento/Bolidos/Copia de Station_2_2021-05-20-04-46-42.avi,35.789857642349226,4014.2527171009374,9,2.7219404257036794,45.77481547874925,7706.9126633702535,12.585022393817894,1120.3999999999996,4004296.148459753,120.52180778670952,2.77777673518738,0.16526859851785813,91.92699701417106,12.20491314848208,16342.004038200315,400.0021378446569,5.211623212071582,0.28806217203984297,0.9720808126391915,9.049233489619306,1
/content/drive/MyDrive/Proyecto Bocosur/Datos Entrenamiento/Bolidos/Copia de Station_1_2020-03-21-22-59-07.avi,45.948350019035715,5104.162131262603,40,14.99110646087004,80.19184339588205,19004.5,18.91121524098013,471.3,20488614.686780676,163.5535940767277,2.9058404833353837,0.5646710260296581,235.1375607034978,17.981576530964293,32370.89613068876,704.0372572988638,6.223701432911723,0.2573150550903805,350.4632248357213,57.126783423884156,1
/content/drive/MyDrive/Proyecto Bocosur/Datos Entrenamiento/Bolidos/Copia de Station_2_2020-09-24-05-35-40.avi,30.944798569357587,857.744827586207,87,21.699581940962194,77.99042086893726,1301.1000000000004,0.0,477.3,25190.073737613944,121.08601859256642,2.1509498523104784,0.06391112945995392,99.53114932066212,7.533409600660652,1955.2510275414184,80.81136713478489,3.3887236788007664,0.095240770949002,19.88558265412666,82.38772613568342,1
/content/drive/MyDrive/Proyecto Bocosur/Datos Entrenamiento/Bolidos/Copia de Station_1_2020-08-14-03-03-34.avi,39.19874459082634,957.4983333333333,60,19.318437718398442,61.149910626492996,2007.9,16.942670447847966,400.59999999999985,123490.49316388892,114.28568129319713,2.1339854429563845,0.04653961210303124,91.32654672796032,0.5092642776041313,3078.2331378986555,76.19728572659356,2.7938138780264707,0.1398172384959609,294.21746772815555,74.86556539813459,1
/content/drive/MyDrive/Proyecto Bocosur/Datos Entrenamiento/Bolidos/Copia de Station_1_2020-03-21-23-30-39.avi,20.52757722902627,1148.775,22,3.2930955931456647,30.056246484737287,2551.749999999999,6.7474882112314924,444.6999999999999,266928.7726704545,65.79774326082104,2.155050766527029,0.04986265768468278,245.3031831647231,12.831998451759755,4619.608210639239,32.04480369779214,5.4374310742648335,0.32742225013443976,97.36840286789976,12.03834307218676,1
/content/drive/MyDrive/Proyecto Bocosur/Datos Entrenamiento/Bolidos/Copia de Station_1_2020-03-27-03-20-35.avi,41.44880005748461,631.4309523809522,21,6.709357879995303,69.29417323936413,1101.5500000000004,10.227506083953061,361.04999999999967,25947.486065759662,209.714289214024,2.1233392286995145,0.036886301253165145,457.25443993226537,10.7960879320257,2295.4036094860103,56.9398959346912,5.138623947235216,0.06921677393619087,105.5046023960843,25.382808444359394,1
/content/drive/MyDrive/Proyecto Bocosur/Datos Entrenamiento/Bolidos/Copia de Station_2_2020-09-24-00-07-20.avi,49.80602915788674,650.9407407407407,27,10.80421981623322,72.29397594014604,905.6,28.672604923555287,428.40000000000015,16557.901673525383,140.13128853918002,2.092143276474224,0.028087976823631747,356.54981837294264,18.743407822795078,1468.7303315108338,2.9592440674221225,4.725006939431946,0.08339271456931592,6.535950726339762,41.03704248231001,1
/content/drive/MyDrive/Proyecto Bocosur/Datos Entrenamiento/Bolidos/Copia de Station_1_2020-12-23-22-45-18.avi,65.23934793738634,851.40625,24,13.254010562408213,117.78887903794472,1249.6,41.50523370856297,491.8000000000001,43297.46819010415,301.52026520253935,1.9441410851230985,0.031799318239926606,501.5012198477124,3.732113982662455,3264.1242284085474,105.90160110672925,3.5713064688721223,0.4094384528309944,261.46164315748365,49.61224322967811,1
/content/drive/MyDrive/Proyecto Bocosur/Datos Entrenamiento/Bolidos/Copia de Station_2_2021-05-16-05-01-23.avi,25.05841539515073,977.6666666666664,12,2.0011568966513567,42.221022144741895,1426.5999999999995,8.923894137696756,612.1999999999998,47943.82222222215,111.36449986137023,2.19012099136519,0.11067845608231723,180.0247594592247,8.592905261796316,2739.2205900247004,94.2682184451435,5.521037517783412,0.08438789066728197,2.2559510060307275,7.273630978531202,1
/content/drive/MyDrive/Proyecto Bocosur/Datos Entrenamiento/Bolidos/Copia de Station_2_2021-05-14-19-04-00.avi,17.562587097441973,844.1555555555556,9,1.1919577074246397,34.33085049141066,1467.0,2.3965378275076663,415.1999999999999,103719.39358024694,110.9026275797856,2.1786684972547183,0.07160776978847197,173.50280723556256,7.109509119692138,3133.3667678361717,390.4072661401781,2.668201828829935,0.2404908684378321,1.706375200264425,4.097813629385703,1
/content/drive/MyDrive/Proyecto Bocosur/Datos Entrenamiento/Bolidos/Copia de Station_2_2021-05-14-22-20-45.avi,51.16217027392444,1579.1805555555554,18,7.467478788982753,64.7837919780265,2900.850000000001,37.40254344105662,472.65000000000015,327334.0183719136,85.4177798904024,2.25321670192778,0.09261494014873167,178.98019575470994,5.284706347297092,6442.441256989803,276.8658933980421,5.480032594376673,0.18727123304008556,4.115095890930434,27.774976079444517,1
/content/drive/MyDrive/Proyecto Bocosur/Datos Entrenamiento/Bolidos/Copia de Station_2_2021-05-15-05-12-19.avi,24.18339316956408,891.03125,8,1.370473983340286,48.54775005501428,1661.75,10.945915241918199,504.5,125382.1474609375,109.79475025576951,2.2726720927408977,0.12663863007798595,137.07037035686884,1.7727900300348525,2611.1873025676364,18.52451422232256,4.20152179072594,0.14704843004603396,1.8717000606307008,4.608336037481488,1
/content/drive/MyDrive/Proyecto Bocosur/Datos Entrenamiento/Bolidos/Copia de Station_2_2021-05-14-06-10-14.avi,47.3205001446521,1170.4714285714285,7,2.7989802303374334,66.01860882286482,1996.8,34.96168404674291,533.3999999999999,244222.27061224487,108.2439285435174,2.206033505162044,0.09124547459941904,100.89363998744348,6.008568649729263,3073.991397852914,73.01444427807408,3.672752399968614,0.009795492649987405,1.7168342936432133,9.25729212771167,1
/content/drive/MyDrive/Proyecto Bocosur/Datos Entrenamiento/Bolidos/Copia de Station_2_2021-05-12-21-25-43.avi,55.68587374666414,1202.0074074074073,27,12.552751433055509,71.35839031209082,4066.0,32.15364329748315,483.3999999999999,639002.3243895747,121.70086814875185,2.306813241922553,0.1108046364180922,323.16309227881663,14.602346747424335,10312.54911248933,93.05089174212337,8.729641393541499,0.4133217148710989,6.038578303657914,47.316518604484024,1
/content/drive/MyDrive/Proyecto Bocosur/Datos Entrenamiento/Bolidos/Copia de Station_2_2021-05-12-21-29-02.avi,7.767818949424679,1867.3692307692309,13,2.986078241452208,30.580061568969963,2436.8,0.0,684.8999999999999,298235.9421301775,53.05673057347706,2.3537122315484678,0.06351668798583668,137.26756728491486,4.805304117634728,5881.034602845376,1003.0727936342676,2.3056003725988914,0.33903018666520673,1.9016108350736898,7.648965772266675,1
/content/drive/MyDrive/Proyecto Bocosur/Datos Entrenamiento/Bolidos/Copia de Station_2_2021-05-12-23-58-34.avi,27.23193523356508,772.1409090909088,11,2.0248605680551433,45.2111769196161,934.35,11.570466126967855,575.5499999999997,12189.572190082641,81.66139681696693,2.1828098370263675,0.0560515526245887,168.14162909255674,1.3347564718861094,1650.1727421362775,52.52839249016709,3.422884884718959,0.32268509784429883,2.758045686764092,7.259188831513232,1
/content/drive/MyDrive/Proyecto Bocosur/Datos Entrenamiento/Bolidos/Copia de Station_2_2021-05-13-05-45-33.avi,39.40920275368513,1228.9428571428568,7,2.3375662642373802,47.29424218502046,2055.4,30.19551163928639,480.3999999999999,380570.2595918367,24.04845645613213,2.244022149275461,0.05115966849806743,38.137251672623336,2.8088842888457752,3294.982052561514,1.1729384557294875,2.0860886353521395,0.10756371339961436,1.7278650330839511,7.587390333212548,1
/content/drive/MyDrive/Proyecto Bocosur/Datos Entrenamiento/Bolidos/Copia de Station_2_2021-05-09-02-46-29.avi,31.277811668798154,770.15625,8,1.9470613026021948,44.52552661986402,1053.5,8.09129433593495,429.5,47618.8427734375,128.02721279815256,2.058790558255479,0.02753591688905472,152.637257556108,4.822336344611061,1242.0861361049924,127.80628792749948,1.2221393122544957,0.10193663465043257,0.8481641871006218,7.149890212340819,1
/content/drive/MyDrive/Proyecto Bocosur/Datos Entrenamiento/Bolidos/Copia de Station_2_2021-05-09-06-01-28.avi,59.216711179505594,979.1428571428572,7,3.0791793692756486,80.42115584774649,1494.25,46.124024833805606,363.0,196059.10459183675,133.78704611926238,2.182966548025413,0.07741247526897742,85.88889379533238,4.717249726815213,2200.819934935072,116.3814322653485,2.791391947877111,0.16541735482080128,0.8614962427589035,11.494070526927452,1
/content/drive/MyDrive/Proyecto Bocosur/Datos Entrenamiento/Bolidos/Copia de Station_2_2021-05-07-18-56-18.avi,56.613772107743465,981.1458333333335,24,11.453914973058186,73.31499328136185,1367.5,39.06368622901258,419.5,64831.051649305555,84.60477188938269,2.054578111816752,0.029731383031566905,229.17076348440315,19.41657590551436,2579.7744621259794,31.149318786414472,4.231145514833663,0.3179550499780057,4.723089138709838,46.970942858642715,1
/content/drive/MyDrive/Proyecto Bocosur/Datos Entrenamiento/Bolidos/Copia de Station_2_2021-05-08-05-10-06.avi,72.89693956877952,851.1624999999998,8,5.0928983091303826,88.64393394483791,1375.7,60.00841615021573,552.3999999999999,91297.34484375003,135.1686078808415,2.2197290605603897,0.04777338493972074,135.24121549014072,2.509072403605911,1865.7461189512255,43.25003535798007,2.30654225639248,0.10805216393292437,1.5128415106601096,17.245725079395257,1
/content/drive/MyDrive/Proyecto Bocosur/Datos Entrenamiento/Bolidos/Copia de Station_2_2021-05-06-05-02-13.avi,79.03851765661626,1617.1236074270562,13,8.822218841337307,105.79882283185681,3375.6,54.266462199999935,511.8,603342.7424967465,140.79918542688955,2.3640567090259634,0.058580480783271424,198.14702894758025,4.997699450227217,6457.467346255515,371.91411215160315,2.947790297162956,0.1000024181867842,2.821994289647364,31.756617995895997,1
/content/drive/MyDrive/Proyecto Bocosur/Datos Entrenamiento/Bolidos/Copia de Station_2_2021-05-06-05-06-08.avi,64.19667926270199,875.5888888888887,9,4.75397851189168,72.19549213565061,1272.1,54.55155330606631,586.5,61057.87654320987,49.83767479909145,2.108035852685607,0.051869350711253925,79.73911011937113,5.5794746020609605,1371.3154236047735,29.04005110981335,3.551662587169791,0.2693549663863545,1.9043618156319442,16.97344960007159,1
/content/drive/MyDrive/Proyecto Bocosur/Datos Entrenamiento/Bolidos/Copia de Station_2_2021-05-05-06-25-16.avi,91.29819776585968,1384.48,5,3.4950940222583102,111.74198081092415,2166.2000000000007,65.7002979773827,657.5999999999995,376552.69760000025,370.9984939694304,2.3389385012819552,0.0924332211985886,106.39669240917922,6.002196285998116,3515.6601331240636,70.08447963603012,1.8486684398423323,0.06090196493635318,0.539908108548147,11.446460500009644,1
/content/drive/MyDrive/Proyecto Bocosur/Datos Entrenamiento/Bolidos/Copia de Station_2_2021-04-30-04-36-08.avi,65.9016315533974,1071.8666666666668,9,4.623794133469574,83.63169529373235,1536.7999999999995,47.74728897966797,576.5999999999998,63735.075555555486,140.30922019967184,2.109557509298969,0.06378807965171661,156.62467692824546,5.619860797617371,1704.0618685809632,130.4733008010824,2.8939286529475736,0.009162701800544286,2.070307383448465,16.87003923461584,1
/content/drive/MyDrive/Proyecto Bocosur/Datos Entrenamiento/Bolidos/Copia de Station_2_2021-04-23-01-26-20.avi,35.49213502247195,575.9399999999998,10,2.8316604584594267,60.92053677362959,659.8000000000002,0.0,499.1999999999999,3384.3924000000043,271.54841496967833,2.013284491980795,0.0027142689679114213,236.10873183310318,12.527378065755546,707.5684145566171,12.270540268250839,0.5683677508203111,0.020803592506472682,2.1723606041682046,10.465179051565023,1
/content/drive/MyDrive/Proyecto Bocosur/Datos Entrenamiento/Bolidos/Copia de Station_2_2021-04-23-01-45-45.avi,45.85263131680372,1058.1904761904761,21,8.02136654735308,59.64428658177206,1646.5,32.43432781461768,507.0,93736.84467120179,72.44843102646901,2.0747845620247523,0.03855703977445421,237.18166163065072,5.157115493929983,4228.095972146775,4.313168008475151,4.970826649626208,0.0065307297846467225,4.2588168675680445,29.810410403602575,1
/content/drive/MyDrive/Proyecto Bocosur/Datos Entrenamiento/Bolidos/Copia de Station_2_2021-04-22-04-26-43.avi,71.7750019136667,779.0020833333333,24,14.468359688092999,91.5747941482794,1271.5499999999995,49.79021227431196,418.75,42551.40030815971,146.4550491723485,2.2576127761857547,0.04345826299560589,328.9818716878192,27.10933354951333,2561.786650206408,66.49563901006798,4.91476491815333,0.057054863869724776,4.519215451784588,55.07652194061034,1
/content/drive/MyDrive/Proyecto Bocosur/Datos Entrenamiento/Bolidos/Copia de Station_2_2021-04-19-20-43-09.avi,51.91564077203135,551.25,6,2.826560606228312,69.44288756698013,805.25,24.813752931660648,393.75,20332.02083333333,197.02344872476638,2.1262364478997293,0.09493041434656856,110.92830567324994,7.508624200900964,768.1308564293472,52.84647357804005,2.303732119570603,0.009020440146323049,1.1949017476154289,8.409437444230479,1
/content/drive/MyDrive/Proyecto Bocosur/Datos Entrenamiento/Bolidos/Copia de Station_2_2021-04-16-22-55-55.avi,25.48395268496327,1826.75,24,4.858841844465125,43.39841482158658,3837.799999999999,11.013485010247516,493.59999999999985,703502.7041666666,67.90418345757054,2.3658677897263307,0.07839635556383633,237.21491747324475,17.589374255315853,14685.532911663662,647.4754979043119,7.179182412609831,0.4170482117442226,4.716696211085747,19.14357587914111,1
/content/drive/MyDrive/Proyecto Bocosur/Datos Entrenamiento/Bolidos/Copia de Station_2_2021-04-15-05-35-23.avi,76.72503905466826,906.8,5,3.1604188803168323,108.93777808717523,1160.2000000000005,53.187259542143394,671.6000000000004,34550.064,437.8281401729584,2.344127641042699,0.16086007379424958,218.04663462790435,10.229682728009426,1042.8851051295833,8.649529977459043,4.263834228384972,0.07417103371921954,1.002738552432831,9.76638170627746,1
/content/drive/MyDrive/Proyecto Bocosur/Datos Entrenamiento/Bolidos/Copia de Station_2_2020-12-16-21-53-05.avi,74.49509169804854,647.425,8,5.073422434989012,102.72093936768307,858.9000000000002,45.74830647684365,411.6999999999999,22822.68312500001,268.57862352067133,2.2023854782441274,0.04566074765687686,181.6588585622493,3.4699489807938324,936.6581318197348,56.09182606124094,1.4393757870147168,0.01640619953413383,1.989240325034757,17.122952987501982,1
/content/drive/MyDrive/Proyecto Bocosur/Datos Entrenamiento/Bolidos/Copia de Station_2_2020-12-22-02-45-02.avi,107.98389955690685,1157.775,10,9.157880432444523,130.9858686125889,1512.0,85.49031252868339,539.8500000000001,115934.76162499994,152.21551660266041,2.15368827199274,0.041031945731722,196.6169542742799,5.151412858954329,2321.6518540786387,162.04597938012336,3.0762990327714217,0.09948000685379216,1.8635417416443258,32.44434656514336,1
/content/drive/MyDrive/Proyecto Bocosur/Datos Entrenamiento/Bolidos/Copia de Station_2_2020-12-23-22-39-17.avi,39.916278686059904,529.2375,16,5.329476983373056,59.3644835605989,892.1999999999997,11.379123575222321,395.59999999999985,17224.351093749992,139.22895575138725,2.0764762319196364,0.057868498124602985,255.38148058091062,6.21986207925401,2897.2048291863075,245.175734511782,4.718722532176441,0.5602741661443373,3.813537259739945,20.1610551291272,1
/content/drive/MyDrive/Proyecto Bocosur/Datos Entrenamiento/Bolidos/Copia de Station_2_2021-01-01-21-50-12.avi,51.87864078570488,586.0689655172415,29,12.558342609358945,73.35176013951326,990.6,30.08439068466258,379.99999999999983,36953.50145065399,127.7306745273633,2.095039344551677,0.03346671785105332,236.915563314006,17.93921770965205,2363.584715155393,57.63368617230412,3.9351967996515316,0.2632750166321661,6.494738282895128,51.87946969478913,1
/content/drive/MyDrive/Proyecto Bocosur/Datos Entrenamiento/Bolidos/Copia de Station_2_2021-01-04-03-41-49.avi,53.931662698606864,684.1799999999997,5,1.8927279294624653,67.71481848864337,903.4,40.38297188656267,411.6499999999997,34791.54860000002,146.23989442388427,2.101230213728193,0.030869138521061625,68.541941424968,2.679034778626669,1047.273646145148,19.296848313610962,1.7004091497446239,0.054334949010312175,30000.0,5.687087658745477,1
/content/drive/MyDrive/Proyecto Bocosur/Datos Entrenamiento/Bolidos/Copia de Station_2_2021-01-07-23-08-40.avi,27.94666384327402,1555.494020803961,19,4.096523331979242,48.28501924631114,5731.7,7.119141436030223,415.09999999999985,2135425.5726879425,82.19976628549303,2.400676205814843,0.122898318219974,166.27342022786675,18.06049263643012,12495.312531304082,250.32959743184017,4.294882532441647,0.06634433761517106,4.22765736792978,15.94127145044434,1
/content/drive/MyDrive/Proyecto Bocosur/Datos Entrenamiento/Bolidos/Copia de Station_2_2021-01-12-21-06-51.avi,10.756950593317391,1400.3636363636365,11,0.4164875201156789,33.6293452940018,2732.0,1.9769866172727582,397.0,573113.8677685951,88.93388890639298,2.0546974239903872,0.012052037266673078,99.76098065020248,4.328475055671372,4661.982033968135,102.80139610498492,1.6402401859334372,0.03438053349773338,1.9914741021319602,0.7471224832946385,1
/content/drive/MyDrive/Proyecto Bocosur/Datos Entrenamiento/Bolidos/Copia de Station_2_2021-03-23-05-47-46.avi,36.60652260993561,712.7854166666666,24,6.967482498975611,60.52967935189257,1056.6000000000004,11.584180437617205,514.8499999999998,19075.794474826384,156.76609213979785,2.236890869778932,0.06857592715992923,381.48878482066664,8.027495237172369,2607.4883023432612,48.344288883573846,6.31304413919683,0.11511863133340453,4.302999332319303,26.74399391515205,1
/content/drive/MyDrive/Proyecto Bocosur/Datos Entrenamiento/Bolidos/Copia de Station_2_2021-03-22-22-50-48.avi,15.679657391760724,1036.7200000000003,15,1.3360570870652202,30.321491085430328,1734.4000000000005,5.575914049928214,309.0,175982.14826666683,66.7732813411685,2.3437433713549636,0.04819746940907153,116.58192212892112,6.0447194252539465,4301.207523056872,23.765213313656226,3.771497799982901,0.13931456221515245,2.6501334234309297,4.251527267485937,1
/content/drive/MyDrive/Proyecto Bocosur/Datos Entrenamiento/Bolidos/Copia de Station_2_2021-03-12-04-18-14.avi,42.22401575218843,860.7599999999999,5,1.7411953448756758,59.16002668644707,1290.8,34.61872770320099,533.8,83059.75040000003,80.8643801394067,2.071810253962058,0.044500240976241744,68.17066395175482,5.275293785536081,1586.3018610736822,14.172719711706668,2.059739742459812,0.08138546636062252,1.1875573751279944,5.548904483533027,1
/content/drive/MyDrive/Proyecto Bocosur/Datos Entrenamiento/Bolidos/Copia de Station_2_2021-09-15-23-52-54_F.avi,65.85151433629858,996.5599999999997,10,5.4505616949605455,102.76643609082458,1462.7999999999995,33.58729230671279,576.0999999999998,130188.3004,343.44019054146764,2.0763442226534297,0.07260904957502495,273.25083239329064,13.807684142295795,2188.364641676624,6.903264000676745,3.32474572395384,0.220518792383344,1.801563791727545,19.120522946114136,1
/content/drive/MyDrive/Proyecto Bocosur/Datos Entrenamiento/Bolidos/Copia de Station_2_2021-09-16-02-00-08_F.avi,10.733616229709336,2118.5397727272734,40,3.398917134805357,22.941611812068523,2905.5,3.1549749432898397,495.0,207303.39320118827,29.863563920231094,2.286614017032931,0.05730007361320458,84.98423887357454,1.1286548043458744,5767.519982885592,270.83177293712896,5.286383368536196,0.05703275036755165,5.037881621252836,12.112350880266414,1
/content/drive/MyDrive/Proyecto Bocosur/Datos Entrenamiento/Bolidos/Copia de Station_1_2021-07-04-18-41-20.avi,23.92574032633825,900.6363636363636,33,6.271043129565358,43.63280960789896,1818.0,1.115591184309457,490.2000000000001,82390.23625344352,106.59349349404604,2.0010929835731868,0.027198589510926758,290.6798436417856,6.845111492797947,3152.4231449831664,70.5875821056781,3.8323923018666095,0.2650843070340772,7.0944348042501995,23.484373897115727,1
/content/drive/MyDrive/Proyecto Bocosur/Datos Entrenamiento/Bolidos/Copia de Station_1_2021-07-08-20-47-54.avi,22.763761484524608,1901.8642857142856,56,10.51445610343904,40.07233260591437,3037.200000000001,5.538744349091097,644.6000000000001,343016.4072959184,67.78242160353075,2.3364721295828565,0.1228294662923228,86.51718618763174,0.5477371789698416,7419.733804409543,575.5215467526339,7.380146377373393,0.050089060945992483,12.440253326327849,38.531446122051065,1
/content/drive/MyDrive/Proyecto Bocosur/Datos Entrenamiento/Bolidos/Copia de Station_1_2020-12-14-03-36-00.avi,40.528055442277825,783.024107142857,56,18.41441866916269,75.32028429991173,1374.1,14.719087185897553,421.55,66657.57794563136,160.15868097904757,2.0391109096905624,0.038224690359068544,136.38013302183148,12.439238586543546,3165.7556659190395,67.7812849021271,3.441331513321802,0.10366015222893764,248.30447940936557,73.05204524940872,1

